Owner,Schedule,Location,Day of Week,Start,End,Hours,Requests,Requesters
,BUS-BEST-Cons,Busch Campus,Saturday,10:45AM,2:45PM,4,0,
,BUS-ARC-Disp,Busch Campus,Wednesday,4:45PM,7:45PM,3,4,"kt427 (4), rgd51 (1), sr1193 (1), cli14 (1)"
,BUS-ARC-Cons,Busch Campus,Wednesday,5:30PM,8:00PM,2.5,4,"kt427 (4), rgd51 (1), jrb340 (4), msm322 (1)"
,BUS-LSM-Cons,Busch Campus,Wednesday,9:45PM,1:30AM,3.75,4,"ajl271 (1), sr1193 (5), jsq8 (3), dpc121 (4)"
,BUS-ARC-Disp,Busch Campus,Wednesday,4:45PM,7:45PM,3,0,
,BUS-ARC-Cons,Busch Campus,Wednesday,5:30PM,8:00PM,2.5,0,
,BUS-LSM-Cons,Busch Campus,Wednesday,9:45PM,1:30AM,3.75,0,
aab283,BUS-ARC-Cons,Busch Campus,Saturday,5:30AM,10:00PM,4.5,7,"sa1110 (3), rgd51 (1), ap1614 (3), jbm200 (2), jsq8 (3), aab283 (5), bhp38 (1)"
aab283,BUS-ARC-Cons,Busch Campus,Sunday,3:30PM,6:30PM,3,15,"sa1110 (3), cjk171 (2), yf184 (2), ttl39 (4), rp928 (1), vsl22 (1), ktm96 (2), jbm200 (1), jsq8 (5), bpl52 (1), gct20 (3), kwl47 (3), aab283 (1), smt196 (2), bhp38 (2)"
aab283,BUS-ARC-Disp,Busch Campus,Tuesday,4:45PM,7:45PM,3,1,aab283 (1)
aab283,BUS-BEST-Cons,Busch Campus,Thursday,6:15PM,9:45PM,3.5,8,"ap1614 (1), jfm203 (1), jbm200 (5), vs543 (1), aab283 (1), hp408 (1), bjg144 (2), uls2 (4)"
aak219,BUS-RBHS-Cons,Busch Campus,Wednesday,8:15AM,10:45AM,2.5,3,"aak219 (1), ca571 (2), aab283 (1)"
aak219,BUS-BEST-Cons,Busch Campus,Thursday,8:00AM,11:30AM,3.5,9,"ac1109 (1), rp928 (1), jrb340 (5), bkw27 (2), aar195 (3), jbm200 (4), jje77 (1), hp408 (4), spp131 (1)"
aar195,BUS-ARC-Cons,Busch Campus,Monday,10:00AM,12:30PM,2.5,3,"smk333 (3), ktm96 (2), aar195 (2)"
aar195,BUS-ARC-Disp,Busch Campus,Wednesday,10:00AM,1:30PM,3.5,2,"aar195 (2), an646 (3)"
aar195,BUS-ARC-Cons,Busch Campus,Thursday,10:00AM,12:30PM,2.5,3,"gp251 (1), smk333 (1), aar195 (3)"
aar195,BUS-ARC-Cons,Busch Campus,Tuesday,10:00AM,12:30PM,2.5,0,
ac1109,BUS-LSM-Cons,Busch Campus,Sunday,12:00PM,3:30PM,3.5,11,"yf184 (1), ac1109 (1), sr1193 (1), ktm96 (1), hsr30 (1), srg154 (5), jbm200 (4), kwl47 (1), aab283 (1), ms2651 (1), smt196 (2)"
ac1109,BUS-BEST-Cons,Busch Campus,Monday,11:45AM,3:15PM,3.5,11,"ac1109 (1), axt3 (1), rp928 (2), sr1193 (1), ktm96 (4), hsr30 (1), jbm200 (2), jp1682 (1), vs543 (2), pkc42 (1), uls2 (1)"
ac1109,BUS-LSM-Cons,Busch Campus,Wednesday,9:00PM,12:00AM,3,8,"ac1109 (1), ajl271 (3), sy519 (1), njh45 (4), jbm200 (4), jsq8 (4), dpc121 (3), spp131 (5)"
ac1109,BUS-BEST-Cons,Busch Campus,Thursday,8:00AM,11:45AM,3.75,10,"aak219 (1), rp928 (2), jrb340 (5), bkw27 (2), aar195 (3), cli14 (4), ak1506 (1), jbm200 (4), jje77 (1), hp408 (4)"
ac1109,BUS-LSM-Cons,Busch Campus,Friday,8:00AM,11:30AM,3.5,7,"ac1109 (3), rp928 (1), brl51 (1), jfm203 (1), jbm200 (5), kwl47 (5), vs543 (1)"
ac1109,BUS-LSM-Cons,Busch Campus,Wednesday,8:00AM,11:30AM,3.5,0,
ajb384,BUS-BEST-Cons,Busch Campus,Monday,6:30PM,10:15PM,3.75,16,"cjk171 (3), ajf224 (2), ajl271 (1), rgd51 (1), sr1193 (1), ajb384 (1), ap1614 (1), njh45 (3), jbm200 (2), jsq8 (3), bar151 (4), bpl52 (3), ma1595 (2), jje77 (2), aab283 (1), smt196 (3)"
ajb384,BUS-ARC-Cons,Busch Campus,Tuesday,6:30PM,10:15PM,3.75,17,"ejc185 (5), wsc31 (5), bmw110 (4), vsl22 (1), ajb384 (3), ap1614 (1), njh45 (2), ros27 (5), jbm200 (5), gct20 (1), js2585 (4), jp1682 (5), vs543 (2), dpc121 (2), aab283 (2), bhp38 (1), hp408 (1)"
ajb384,BUS-BEST-Cons,Busch Campus,Thursday,3:15PM,6:30PM,3.25,14,"ttl39 (1), axt3 (2), hsr30 (1), ajb384 (1), ztm8 (1), ap1614 (1), atw73 (3), ca571 (2), jbm200 (5), ma1595 (1), jje77 (2), hp408 (1), bjg144 (3), uls2 (1)"
ajc423,BUS-LSM-Cons,Busch Campus,Saturday,5:00PM,8:30PM,3.5,8,"rgd51 (2), sr1193 (1), ap1614 (1), njh45 (4), jbm200 (4), ajc423 (3), jsq8 (3), uls2 (4)"
ajc423,BUS-ARC-Cons,Busch Campus,Sunday,1:45PM,5:00PM,3.25,24,"sa1110 (3), cjk171 (2), yf184 (2), ttl39 (4), smk333 (1), jej99 (1), vsl22 (1), zmk15 (1), sr1193 (1), ktm96 (3), srg154 (3), jbm200 (1), ajc423 (4), jsq8 (4), bpl52 (1), gct20 (1), kwl47 (1), jje77 (5), aab283 (1), pkc42 (1), smt196 (2), bhp38 (3), hp408 (4), eg560 (1)"
ajc423,BUS-ARC-Cons,Busch Campus,Monday,6:30PM,10:15PM,3.75,22,"cjk171 (1), ajf224 (1), kt427 (2), rgd51 (1), sr1193 (3), ajb384 (2), njh45 (1), msm322 (1), ros27 (1), jbm200 (5), ajc423 (1), jsq8 (3), bar151 (5), jwn32 (2), js2585 (4), jp1682 (5), jje77 (2), aab283 (2), smt196 (1), ejc192 (1), bhp38 (1), uls2 (1)"
ajf224,BUS-RBHS-Cons,Busch Campus,Tuesday,1:15PM,4:30PM,3.25,3,"ajf224 (1), esr59 (3), jbm200 (5)"
ajf224,BUS-RBHS-Cons,Busch Campus,Tuesday,4:30PM,8:00PM,3.5,6,"ajf224 (1), kt427 (1), sr1193 (1), jbm200 (5), aab283 (1), uls2 (5)"
ajl271,BUS-BEST-Cons,Busch Campus,Monday,9:45PM,2:00AM,4.25,6,"ajl271 (3), rp928 (2), sr1193 (4), ca571 (1), dpc121 (5), gak87 (1)"
ajl271,BUS-LSM-Cons,Busch Campus,Tuesday,9:45PM,1:30AM,3.75,4,"ajl271 (1), rp928 (2), ca571 (2), dpc121 (4)"
ajl271,BUS-BEST-Cons,Busch Campus,Thursday,10:15PM,2:00AM,3.75,5,"ajl271 (2), rp928 (2), ejc190 (2), dpc121 (4), bjg144 (5)"
an588,BUS-LSM-Cons,Busch Campus,Tuesday,10:00AM,2:00PM,4,5,"yl843 (2), ejc185 (5), an588 (3), brl51 (4), jbm200 (5)"
an588,BUS-BEST-Cons,Busch Campus,Friday,3:00PM,6:15PM,3.25,23,"cjk171 (1), yf184 (5), ttl39 (1), lo153 (5), aak219 (2), kt427 (1), rgd51 (1), vsl22 (1), ktm96 (3), jrb340 (4), an588 (2), ajb384 (4), tjb234 (2), ap1614 (3), jbm200 (5), bar151 (1), jwn32 (1), jp1682 (2), bwr29 (4), dpc121 (1), ms2651 (3), spp131 (4), uls2 (2)"
an646,BUS-ARC-Cons,Busch Campus,Wednesday,10:00AM,12:30PM,2.5,6,"yf184 (3), ajf224 (3), srp221 (1), ktm96 (2), aar195 (2), an646 (1)"
an646,BUS-BEST-Cons,Busch Campus,Thursday,6:30PM,10:15PM,3.75,10,"sr1193 (1), ap1614 (1), jfm203 (2), jbm200 (5), vs543 (2), dpc121 (3), aab283 (1), an646 (4), hp408 (1), uls2 (4)"
an646,BUS-ARC-Disp,Busch Campus,Friday,10:00AM,1:30PM,3.5,3,"aar195 (2), dpc121 (2), an646 (3)"
an646,BUS-ARC-Disp,Busch Campus,Wednesday,10:00AM,1:30PM,3.5,0,
ap1614,BUS-LSM-Cons,Busch Campus,Saturday,10:00AM,1:30PM,3.5,10,"kt427 (1), rgd51 (2), sr1193 (3), ap1614 (1), msm322 (1), yq65 (1), jbm200 (4), aab283 (1), ms2651 (1), uls2 (4)"
ap1614,BUS-LSM-Cons,Busch Campus,Saturday,1:30PM,5:00PM,3.5,13,"kt427 (5), rgd51 (2), sr1193 (1), srg154 (5), ap1614 (1), njh45 (3), msm322 (1), yq65 (2), jbm200 (4), jsq8 (1), aab283 (1), an646 (4), uls2 (4)"
ap1614,BUS-BEST-Cons,Busch Campus,Sunday,5:30PM,9:30PM,4,8,"cjk171 (3), ttl39 (2), sr1193 (1), ap1614 (1), jbm200 (3), jc2427 (4), jsq8 (3), jp1682 (4)"
ap1614,BUS-LSM-Cons,Busch Campus,Monday,6:00PM,9:00PM,3,15,"cjk171 (2), yf184 (1), bk396 (2), ac1109 (1), ajl271 (4), rgd51 (1), ajb384 (5), ap1614 (1), njh45 (2), jbm200 (5), ajc423 (5), jsq8 (2), bar151 (5), jje77 (3), smt196 (2)"
ap1614,BUS-ARC-Cons,Busch Campus,Tuesday,9:45PM,2:00AM,4.25,8,"ed422 (1), rp928 (2), ap1614 (1), ca571 (3), jwn32 (1), ejc190 (1), dpc121 (4), gak87 (1)"
ap1614,BUS-LSM-Cons,Busch Campus,Thursday,9:00PM,12:00AM,3,6,"ajl271 (1), bmw110 (5), rp928 (2), ap1614 (1), jbm200 (5), dpc121 (3)"
ap1614,BUS-LSM-Cons,Busch Campus,Tuesday,9:00PM,12:00AM,3,0,
arg213,BUS-ARC-Cons,Busch Campus,Saturday,6:00PM,10:00PM,4,0,
arg213,BUS-ARC-Cons,Busch Campus,Sunday,10:45PM,2:00AM,3.25,1,smk333 (5)
atw73,BUS-ARC-Cons,Busch Campus,Tuesday,6:15PM,9:45PM,3.5,17,"wsc31 (5), bmw110 (5), vsl22 (1), ajb384 (3), ap1614 (1), njh45 (1), atw73 (1), jbm200 (5), jwn32 (3), ma1595 (5), js2585 (3), jp1682 (5), vs543 (1), dpc121 (5), aab283 (2), bhp38 (1), hp408 (1)"
atw73,BUS-ARC-Cons,Busch Campus,Wednesday,8:00AM,11:45AM,3.75,13,"ejc185 (5), rp928 (2), vsl22 (1), brl51 (1), atw73 (2), ca571 (5), jbm200 (4), kwl47 (1), aab283 (1), ava45 (1), ms2651 (2), bjr117 (2), spp131 (1)"
atw73,BUS-ARC-Cons,Busch Campus,Thursday,3:15PM,6:30PM,3.25,12,"ajb384 (2), ztm8 (2), srg154 (2), ap1614 (1), atw73 (1), ros27 (1), jbm200 (5), ma1595 (5), jje77 (2), ava45 (1), hp408 (2), bjg144 (5)"
atw73,BUS-ARC-Cons,Busch Campus,Tuesday,3:15PM,6:30PM,3.25,0,
ava45,BUS-ARC-Cons,Busch Campus,Monday,3:15PM,6:30PM,3.25,15,"cjk171 (1), rp928 (2), yw559 (1), zmk15 (1), ktm96 (3), jrb340 (2), jbm200 (5), bar151 (3), jwn32 (1), js2585 (1), ava45 (1), smt196 (1), ejc192 (1), bjs300 (2), spp131 (1)"
ava45,BUS-ARC-Cons,Busch Campus,Tuesday,8:00AM,11:45AM,3.75,12,"ejc185 (4), vsl22 (1), jrb340 (3), brl51 (1), ap1614 (5), jfm203 (1), msm322 (1), jbm200 (4), jp1682 (4), ava45 (1), an646 (5), hp408 (4)"
ava45,BUS-ARC-Cons,Busch Campus,Friday,8:00AM,11:45AM,3.75,11,"rp928 (1), yw559 (5), brl51 (1), jfm203 (2), msm322 (1), jbm200 (4), kwl47 (5), jp1682 (4), vs543 (2), ava45 (1), eg560 (3)"
ava45,BUS-ARC-Cons,Busch Campus,Wednesday,8:00AM,11:45AM,3.75,0,
axt3,BUS-BEST-Cons,Busch Campus,Monday,8:00AM,11:30AM,3.5,13,"ttl39 (1), axt3 (2), jej99 (1), rp928 (1), vsl22 (1), nad129 (5), bkw27 (2), aar195 (3), ap1614 (1), jbm200 (4), jwn32 (3), jje77 (2), spp131 (4)"
axt3,BUS-BEST-Cons,Busch Campus,Wednesday,6:15PM,9:45PM,3.5,11,"axt3 (2), ajl271 (3), rgd51 (1), cli14 (4), sy519 (4), msm322 (1), jbm200 (2), ajc423 (1), jwn32 (1), smt196 (3), bjs300 (2)"
bar151,BUS-LSM-Cons,Busch Campus,Monday,3:00PM,6:15PM,3.25,9,"cjk171 (2), ac1109 (3), rp928 (1), ktm96 (1), jbm200 (5), bar151 (1), smt196 (1), bjs300 (4), spp131 (2)"
bar151,BUS-BEST-Cons,Busch Campus,Wednesday,11:30AM,3:00PM,3.5,17,"yf184 (4), lo153 (5), rp928 (1), sah285 (1), sr1193 (1), ktm96 (4), nad129 (3), aar195 (1), brl51 (3), tjb234 (1), jbm200 (5), bar151 (1), ejc190 (1), jp1682 (1), pkc42 (1), ms2651 (2), spp131 (1)"
bar151,BUS-ARC-Cons,Busch Campus,Friday,3:00PM,6:15PM,3.25,26,"cjk171 (1), yf184 (3), lo153 (5), srp221 (1), kt427 (1), rgd51 (1), vsl22 (1), ktm96 (3), jrb340 (3), ajb384 (5), tjb234 (2), njh45 (1), jbm200 (5), bar151 (3), jwn32 (3), js2585 (2), jp1682 (1), bwr29 (2), dpc121 (2), jl2169 (2), ava45 (1), gak87 (2), ejc192 (1), bhp38 (1), bjr117 (1), spp131 (5)"
bar151,BUS-ARC-Cons,Busch Campus,Wednesday,3:00PM,6:15PM,3.25,0,
bhp38,BUS-ARC-Cons,Busch Campus,Saturday,6:30PM,10:00PM,3.5,7,"sa1110 (4), rgd51 (1), ap1614 (3), jbm200 (2), jsq8 (3), aab283 (5), bhp38 (2)"
bhp38,BUS-ARC-Cons,Busch Campus,Sunday,6:00PM,10:00PM,4,8,"cjk171 (1), sr1193 (1), jbm200 (3), jsq8 (3), jp1682 (4), dpc121 (1), aab283 (3), bhp38 (1)"
bhp38,BUS-ARC-Cons,Busch Campus,Thursday,6:15PM,9:45PM,3.5,11,"bmw110 (4), ap1614 (1), jfm203 (1), jbm200 (5), js2585 (3), jp1682 (5), vs543 (1), dpc121 (4), aab283 (2), bhp38 (1), hp408 (1)"
bhp38,BUS-ARC-Cons,Busch Campus,Tuesday,6:15PM,9:45PM,3.5,0,
bjg144,BUS-LSM-Cons,Busch Campus,Monday,9:00PM,12:00AM,3,12,"ac1109 (1), ajl271 (4), sr1193 (1), ap1614 (1), jfm203 (1), njh45 (3), msm322 (1), ca571 (2), jbm200 (5), dpc121 (4), smt196 (3), bjg144 (1)"
bjg144,BUS-ARC-Cons,Busch Campus,Tuesday,3:00PM,5:30PM,2.5,2,"aab283 (1), bjg144 (4)"
bjg144,BUS-ARC-Disp,Busch Campus,Thursday,4:45PM,7:45PM,3,4,"kt427 (4), dpc121 (5), aab283 (1), bjg144 (5)"
bjg144,BUS-ARC-Disp,Busch Campus,Tuesday,4:45PM,7:45PM,3,0,
bjr117,BUS-ARC-Cons,Busch Campus,Tuesday,3:00PM,6:15PM,3.25,17,"esr59 (2), wsc31 (4), rgd51 (1), ajb384 (3), srg154 (1), ap1614 (1), njh45 (2), jbm200 (5), ejc190 (4), ma1595 (1), bwr29 (2), jl2169 (5), aab283 (1), bjr117 (1), hp408 (2), eg560 (1), bjg144 (4)"
bjr117,BUS-ARC-Cons,Busch Campus,Wednesday,8:00AM,11:30AM,3.5,13,"ejc185 (5), rp928 (1), vsl22 (1), brl51 (1), atw73 (1), ca571 (5), jbm200 (4), kwl47 (1), aab283 (1), ava45 (2), ms2651 (2), bjr117 (1), spp131 (1)"
bjr117,BUS-ARC-Cons,Busch Campus,Thursday,11:30AM,3:00PM,3.5,9,"esr59 (1), smk333 (2), kt427 (1), ca571 (5), jbm200 (5), jje77 (1), bjr117 (2), eg560 (1), bjg144 (4)"
bjr117,BUS-ARC-Cons,Busch Campus,Tuesday,11:30AM,3:00PM,3.5,0,
bjs300,BUS-BEST-Cons,Busch Campus,Sunday,6:00PM,10:00PM,4,9,"cjk171 (3), ttl39 (2), sr1193 (1), ap1614 (1), jbm200 (3), jc2427 (4), jsq8 (3), jp1682 (5), dpc121 (1)"
bjs300,BUS-ARC-Cons,Busch Campus,Monday,3:00PM,6:15PM,3.25,17,"cjk171 (1), ejc185 (5), rp928 (1), yw559 (1), zmk15 (2), ktm96 (3), jrb340 (2), msm322 (1), jbm200 (5), bar151 (1), bpl52 (1), ma1595 (1), ava45 (2), smt196 (1), ejc192 (1), bjs300 (1), spp131 (1)"
bjs300,BUS-RBHS-Cons,Busch Campus,Wednesday,1:15PM,4:30PM,3.25,3,"lo153 (5), jbm200 (5), bjs300 (3)"
bk396,BUS-RBHS-Cons,Busch Campus,Monday,4:30PM,8:00PM,3.5,6,"yl843 (3), bk396 (1), ttl39 (3), kt427 (1), msm322 (3), jbm200 (5)"
bk396,BUS-BEST-Cons,Busch Campus,Thursday,11:30AM,3:00PM,3.5,9,"bk396 (2), esr59 (2), ac1109 (1), kt427 (1), ca571 (1), jbm200 (5), jje77 (1), eg560 (1), bjg144 (1)"
bmw110,BUS-LSM-Cons,Busch Campus,Tuesday,6:15PM,9:45PM,3.5,10,"ajf224 (3), bk396 (2), bmw110 (2), ap1614 (1), njh45 (4), jbm200 (5), vs543 (1), aab283 (2), hp408 (3), uls2 (3)"
bpl52,BUS-ARC-Cons,Busch Campus,Saturday,10:45AM,2:45PM,4,15,"sa1110 (4), kt427 (1), rgd51 (1), jrb340 (3), ap1614 (3), msm322 (1), jbm200 (2), jsq8 (5), smk339 (1), bpl52 (3), jje77 (5), jl2169 (2), aab283 (1), ms2651 (1), bhp38 (2)"
bpl52,BUS-BEST-Cons,Busch Campus,Monday,3:00PM,6:15PM,3.25,16,"cjk171 (2), ttl39 (1), ac1109 (1), axt3 (1), rp928 (1), ktm96 (4), jrb340 (4), ap1614 (1), msm322 (1), jbm200 (5), bar151 (1), bpl52 (1), ma1595 (1), smt196 (3), bjs300 (1), spp131 (1)"
bpl52,BUS-BEST-Cons,Busch Campus,Monday,6:15PM,9:45PM,3.5,16,"cjk171 (3), ajl271 (1), rgd51 (1), sr1193 (1), ajb384 (1), ap1614 (1), njh45 (3), jbm200 (2), ajc423 (1), jsq8 (1), bar151 (1), jwn32 (1), bpl52 (3), ma1595 (2), jje77 (2), smt196 (3)"
bpl52,BUS-ARC-Cons,Busch Campus,Wednesday,6:15PM,10:00PM,3.75,0,
brl51,BUS-LSM-Cons,Busch Campus,Tuesday,8:00AM,11:30AM,3.5,5,"ejc185 (5), brl51 (1), ap1614 (1), jfm203 (1), jbm200 (5)"
brl51,BUS-BEST-Cons,Busch Campus,Wednesday,8:00AM,11:30AM,3.5,11,"rp928 (1), vsl22 (1), bkw27 (2), aar195 (1), brl51 (1), atw73 (4), ca571 (1), jbm200 (4), aab283 (1), ms2651 (3), spp131 (1)"
brl51,BUS-BEST-Cons,Busch Campus,Friday,8:00AM,11:30AM,3.5,11,"ac1109 (1), rp928 (1), bkw27 (2), aar195 (3), brl51 (1), jfm203 (1), msm322 (1), jbm200 (4), vs543 (1), an646 (5), eg560 (2)"
bwr29,BUS-LSM-Cons,Busch Campus,Tuesday,11:30AM,3:00PM,3.5,9,"ajf224 (3), ejc185 (5), ac1109 (5), an588 (1), srg154 (2), brl51 (5), jbm200 (5), bwr29 (3), dpc121 (1)"
bwr29,BUS-ARC-Cons,Busch Campus,Thursday,11:45AM,3:15PM,3.5,10,"esr59 (2), kt427 (2), yw559 (1), ca571 (5), jbm200 (5), jje77 (1), bwr29 (1), bjr117 (1), eg560 (1), bjg144 (4)"
bwr29,BUS-ARC-Cons,Busch Campus,Friday,3:15PM,6:30PM,3.25,25,"cjk171 (1), yf184 (3), lo153 (5), srp221 (1), rgd51 (1), ktm96 (3), jrb340 (3), ajb384 (5), tjb234 (2), ap1614 (3), jbm200 (5), ajc423 (2), bar151 (3), jwn32 (3), js2585 (2), jp1682 (1), bwr29 (1), dpc121 (1), jl2169 (2), aab283 (1), ava45 (2), gak87 (2), an646 (1), bhp38 (1), bjr117 (2)"
bwr29,BUS-ARC-Cons,Busch Campus,Tuesday,11:45AM,3:15PM,3.5,0,
bwr29,BUS-ARC-Cons,Busch Campus,Wednesday,3:15PM,6:30PM,3.25,0,
ca571,BUS-LSM-Cons,Busch Campus,Monday,9:45PM,1:30AM,3.75,4,"ajl271 (4), jfm203 (3), ca571 (2), dpc121 (5)"
ca571,BUS-BEST-Cons,Busch Campus,Tuesday,10:15PM,2:00AM,3.75,3,"ajl271 (3), ca571 (1), dpc121 (5)"
ca571,BUS-RBHS-Cons,Busch Campus,Wednesday,10:45AM,1:15PM,2.5,6,"lo153 (5), aak219 (1), sr1193 (2), aar195 (1), ca571 (2), an646 (1)"
ca571,BUS-LSM-Cons,Busch Campus,Thursday,11:30AM,3:00PM,3.5,8,"bk396 (3), esr59 (3), ac1109 (3), kt427 (1), rp928 (1), ca571 (2), jbm200 (5), jje77 (1)"
ca571,BUS-LSM-Cons,Busch Campus,Tuesday,11:30AM,3:00PM,3.5,0,
cjk171,BUS-LSM-Cons,Busch Campus,Saturday,8:30PM,11:30PM,3,6,"cjk171 (2), ap1614 (1), jbm200 (4), jsq8 (5), gak87 (3), uls2 (4)"
cjk171,BUS-LSM-Cons,Busch Campus,Sunday,6:00PM,9:00PM,3,9,"cjk171 (2), yf184 (3), ajl271 (2), sr1193 (1), sy519 (4), njh45 (4), jbm200 (4), jsq8 (3), dpc121 (1)"
cjk171,BUS-LSM-Cons,Busch Campus,Sunday,9:00PM,12:00AM,3,9,"cjk171 (2), ajl271 (3), bmw110 (4), rp928 (2), sr1193 (5), sy519 (2), jbm200 (5), jsq8 (4), dpc121 (3)"
cli14,BUS-RBHS-Cons,Busch Campus,Monday,8:15AM,10:45AM,2.5,3,"sx63 (1), ttl39 (2), cli14 (1)"
cli14,BUS-RBHS-Cons,Busch Campus,Monday,10:45AM,1:15PM,2.5,5,"gp251 (3), sx63 (1), smk333 (2), aar195 (1), cli14 (1)"
cli14,BUS-ARC-Cons,Busch Campus,Thursday,8:00AM,11:45AM,3.75,8,"rp928 (2), jrb340 (3), cli14 (1), jbm200 (4), kwl47 (1), jje77 (1), hp408 (4), spp131 (4)"
cli14,BUS-ARC-Cons,Busch Campus,Tuesday,8:00AM,11:45AM,3.75,0,
dpc121,BUS-ARC-Cons,Busch Campus,Sunday,10:00PM,2:00AM,4,5,"rp928 (2), jsq8 (4), jwn32 (1), ejc190 (1), dpc121 (1)"
dpc121,BUS-ARC-Cons,Busch Campus,Monday,10:15PM,2:00AM,3.75,4,"ed422 (1), jfm203 (1), ca571 (3), ava45 (5)"
dpc121,BUS-ARC-Disp,Busch Campus,Tuesday,1:30PM,4:45PM,3.25,3,"dpc121 (1), aab283 (1), bjg144 (1)"
dpc121,BUS-ARC-Cons,Busch Campus,Thursday,3:00PM,5:30PM,2.5,2,"ztm8 (1), dpc121 (1)"
dpc121,BUS-ARC-Cons,Busch Campus,Thursday,3:00PM,5:30PM,2.5,0,
dpc121,BUS-ARC-Cons,Busch Campus,Tuesday,3:00PM,5:30PM,2.5,0,
ed422,BUS-ARC-Cons,Busch Campus,Monday,9:30PM,2:00AM,4.5,0,
ed422,BUS-ARC-Cons,Busch Campus,Tuesday,8:00PM,11:00PM,3,1,ed422 (2)
ed422,BUS-ARC-Cons,Busch Campus,Tuesday,11:00PM,2:00AM,3,1,ed422 (2)
ed422,BUS-ARC-Cons,Busch Campus,Thursday,8:00PM,11:00PM,3,2,"ed422 (2), kt427 (2)"
ed422,BUS-ARC-Cons,Busch Campus,Thursday,11:00PM,2:00AM,3,1,ed422 (2)
ed422,BUS-ARC-Cons,Busch Campus,Tuesday,8:00PM,11:00PM,3,0,
ed422,BUS-ARC-Cons,Busch Campus,Tuesday,11:00PM,2:00AM,3,0,
eg560,BUS-ARC-Cons,Busch Campus,Saturday,2:45PM,6:00PM,3.25,15,"sa1110 (4), rgd51 (1), vsl22 (1), jrb340 (3), srg154 (5), ap1614 (3), msm322 (1), jbm200 (1), ajc423 (3), jsq8 (1), gct20 (2), jje77 (5), aab283 (1), bhp38 (2), eg560 (1)"
eg560,BUS-RBHS-Cons,Busch Campus,Thursday,10:45AM,1:15PM,2.5,7,"gp251 (3), smk333 (2), kt427 (1), aar195 (2), cli14 (1), pkc42 (2), eg560 (1)"
eg560,BUS-RBHS-Cons,Busch Campus,Thursday,1:15PM,4:30PM,3.25,6,"esr59 (4), rgd51 (1), ca571 (3), jbm200 (5), eg560 (1), uls2 (2)"
eg560,BUS-RBHS-Cons,Busch Campus,Friday,8:15AM,10:45AM,2.5,1,eg560 (3)
eg560,BUS-RBHS-Cons,Busch Campus,Tuesday,10:45AM,1:15PM,2.5,0,
eg560,BUS-RBHS-Cons,Busch Campus,Tuesday,1:15PM,4:30PM,3.25,0,
eg560,BUS-RBHS-Cons,Busch Campus,Wednesday,8:15AM,10:45AM,2.5,0,
ejc185,BUS-LSM-Cons,Busch Campus,Monday,2:00PM,6:00PM,4,11,"cjk171 (2), ejc185 (1), ac1109 (3), rp928 (2), ktm96 (1), hk625 (1), hsr30 (1), jbm200 (5), smt196 (2), bjs300 (4), spp131 (1)"
ejc185,BUS-ARC-Cons,Busch Campus,Tuesday,8:00AM,11:30AM,3.5,11,"ejc185 (4), vsl22 (1), jrb340 (3), brl51 (1), ap1614 (1), jfm203 (2), msm322 (1), jbm200 (4), jp1682 (4), ava45 (2), hp408 (4)"
ejc185,BUS-ARC-Cons,Busch Campus,Tuesday,11:45AM,3:15PM,3.5,13,"esr59 (1), ejc185 (1), srp221 (1), yw559 (2), nad129 (4), srg154 (1), tjb234 (1), jbm200 (5), ejc190 (4), bpl52 (1), bwr29 (4), dpc121 (1), bjg144 (4)"
ejc190,BUS-BEST-Cons,Busch Campus,Sunday,10:00PM,2:00AM,4,5,"rp928 (2), sr1193 (4), jsq8 (5), ejc190 (2), dpc121 (5)"
ejc190,BUS-BEST-Cons,Busch Campus,Tuesday,11:30AM,3:00PM,3.5,9,"ac1109 (1), nad129 (3), brl51 (3), tjb234 (5), jbm200 (5), ejc190 (2), bwr29 (5), dpc121 (1), bjg144 (1)"
ejc190,BUS-BEST-Cons,Busch Campus,Tuesday,9:45PM,2:00AM,4.25,4,"ajl271 (3), ca571 (1), dpc121 (5), gak87 (1)"
ejc190,BUS-BEST-Cons,Busch Campus,Thursday,9:45PM,2:00AM,4.25,4,"ajl271 (2), rp928 (2), ejc190 (1), dpc121 (4)"
ejc192,BUS-ARC-Cons,Busch Campus,Wednesday,6:15PM,9:45PM,3.5,16,"ejc185 (5), rgd51 (1), sr1193 (1), ajb384 (4), cli14 (2), njh45 (1), msm322 (1), jbm200 (5), ajc423 (3), jwn32 (2), bpl52 (3), ava45 (4), smt196 (1), ejc192 (1), bjs300 (3), bhp38 (3)"
ejc192,BUS-ARC-Cons,Busch Campus,Friday,6:15PM,10:00PM,3.75,12,"cjk171 (1), njh45 (4), jbm200 (5), bpl52 (2), js2585 (3), jp1682 (4), jje77 (3), dpc121 (3), aab283 (2), bhp38 (1), hp408 (1), eg560 (4)"
esr59,BUS-ARC-Cons,Busch Campus,Tuesday,8:15AM,10:00AM,1.75,10,"esr59 (1), jrb340 (5), brl51 (1), ap1614 (1), msm322 (1), jc2427 (4), aab283 (1), ava45 (4), hp408 (3), spp131 (5)"
esr59,BUS-BEST-Cons,Busch Campus,Tuesday,3:15PM,6:30PM,3.25,15,"esr59 (1), axt3 (3), wsc31 (2), sr1193 (1), hsr30 (1), an588 (2), ap1614 (3), jbm200 (5), ejc190 (4), ma1595 (1), bwr29 (3), aab283 (1), hp408 (1), bjg144 (3), uls2 (1)"
esr59,BUS-BEST-Cons,Busch Campus,Thursday,11:45AM,3:15PM,3.5,11,"esr59 (1), ac1109 (1), kt427 (1), yw559 (3), ap1614 (3), ca571 (1), jbm200 (5), jje77 (1), bwr29 (5), bjg144 (1), uls2 (1)"
gak87,BUS-ARC-Cons,Busch Campus,Monday,9:45PM,2:00AM,4.25,6,"ed422 (1), ca571 (3), dpc121 (2), ava45 (5), gak87 (1), bhp38 (4)"
gak87,BUS-LSM-Cons,Busch Campus,Friday,2:30PM,5:30PM,3,21,"cjk171 (2), yl843 (3), yf184 (2), bk396 (3), lo153 (5), kt427 (1), rgd51 (1), ktm96 (2), an588 (1), tjb234 (4), njh45 (2), jbm200 (5), bar151 (1), bwr29 (3), dpc121 (1), aab283 (1), pkc42 (2), ms2651 (2), gak87 (1), spp131 (1), uls2 (3)"
gak87,BUS-LSM-Cons,Busch Campus,Friday,5:30PM,8:30PM,3,11,"cjk171 (2), bk396 (3), rgd51 (1), sr1193 (2), njh45 (2), jbm200 (4), jje77 (4), dpc121 (1), aab283 (1), gak87 (1), hp408 (2)"
gak87,BUS-LSM-Cons,Busch Campus,Wednesday,2:30PM,5:30PM,3,0,
gak87,BUS-LSM-Cons,Busch Campus,Wednesday,5:30PM,8:30PM,3,0,
gct20,BUS-ARC-Cons,Busch Campus,Saturday,3:30PM,6:30PM,3,12,"sa1110 (4), rgd51 (1), vsl22 (1), jrb340 (3), ap1614 (3), jbm200 (1), ajc423 (4), jsq8 (1), gct20 (3), aab283 (1), bhp38 (2), eg560 (1)"
gct20,BUS-ARC-Cons,Busch Campus,Thursday,9:45PM,2:00AM,4.25,5,"ed422 (1), rp928 (2), gct20 (2), dpc121 (4), ava45 (4)"
gct20,BUS-ARC-Disp,Busch Campus,Friday,1:30PM,4:45PM,3.25,5,"jrb340 (3), aar195 (3), ajb384 (5), gct20 (1), dpc121 (1)"
gct20,BUS-ARC-Cons,Busch Campus,Tuesday,9:45PM,2:00AM,4.25,0,
gct20,BUS-ARC-Disp,Busch Campus,Wednesday,1:30PM,4:45PM,3.25,0,
gp251,BUS-ARC-Disp,Busch Campus,Thursday,10:00AM,1:30PM,3.5,3,"gp251 (1), smk333 (1), aar195 (3)"
gp251,BUS-ARC-Disp,Busch Campus,Tuesday,10:00AM,1:30PM,3.5,0,
hk625,BUS-ARC-Cons,Busch Campus,Tuesday,10:00AM,12:30PM,2.5,6,"gp251 (1), hk625 (1), aar195 (3), msm322 (1), dpc121 (2), an646 (1)"
hk625,BUS-ARC-Cons,Busch Campus,Tuesday,5:30PM,8:00PM,2.5,6,"yf184 (2), kt427 (2), hk625 (1), ajb384 (2), dpc121 (5), aab283 (1)"
hp408,BUS-ARC-Cons,Busch Campus,Thursday,8:15AM,10:00AM,1.75,5,"aak219 (1), jrb340 (5), kwl47 (1), js2585 (3), hp408 (3)"
hp408,BUS-LSM-Cons,Busch Campus,Thursday,6:00PM,9:00PM,3,9,"bmw110 (3), ajb384 (3), ap1614 (1), jfm203 (4), jbm200 (5), vs543 (3), aab283 (3), hp408 (3), uls2 (3)"
hp408,BUS-BEST-Cons,Busch Campus,Friday,6:30PM,10:00PM,3.5,7,"cjk171 (3), jbm200 (5), jje77 (4), aab283 (2), hp408 (1), eg560 (4), uls2 (3)"
hp408,BUS-ARC-Cons,Busch Campus,Tuesday,8:15AM,10:00AM,1.75,0,
hp408,BUS-LSM-Cons,Busch Campus,Tuesday,6:00PM,9:00PM,3,0,
hsr30,BUS-RBHS-Cons,Busch Campus,Monday,1:15PM,4:30PM,3.25,6,"sx63 (1), hsr30 (1), cli14 (1), jbm200 (5), aab283 (1), uls2 (1)"
hsr30,BUS-BEST-Cons,Busch Campus,Wednesday,3:00PM,6:15PM,3.25,18,"ac1109 (1), axt3 (3), lo153 (5), wsc31 (3), kt427 (1), rp928 (1), sah285 (1), ktm96 (4), jrb340 (4), hsr30 (1), brl51 (3), sy519 (4), msm322 (1), jbm200 (5), bar151 (1), bpl52 (1), smt196 (3), bjs300 (1)"
hsr30,BUS-LSM-Cons,Busch Campus,Thursday,3:00PM,6:15PM,3.25,11,"rp928 (1), rgd51 (1), hsr30 (1), ajb384 (3), ztm8 (1), srg154 (2), ap1614 (1), ca571 (2), jbm200 (5), jje77 (1), uls2 (1)"
hsr30,BUS-LSM-Cons,Busch Campus,Tuesday,3:00PM,6:15PM,3.25,0,
jbm200,BUS-BEST-Cons,Busch Campus,Saturday,2:00PM,5:30PM,3.5,17,"rgd51 (1), vsl22 (1), sr1193 (1), jrb340 (4), ap1614 (3), njh45 (1), msm322 (1), jbm200 (1), ajc423 (2), jc2427 (1), jsq8 (1), jwn32 (3), jje77 (5), aab283 (1), an646 (4), eg560 (3), uls2 (4)"
jbm200,BUS-BEST-Cons,Busch Campus,Saturday,6:00PM,10:00PM,4,7,"rgd51 (1), bkw27 (5), ap1614 (3), jbm200 (2), ajc423 (5), jsq8 (3), uls2 (4)"
jbm200,BUS-ARC-Cons,Busch Campus,Sunday,6:30PM,10:30PM,4,10,"cjk171 (1), ttl39 (4), ajl271 (3), rp928 (1), jbm200 (3), jsq8 (4), jp1682 (4), dpc121 (1), aab283 (3), bhp38 (4)"
jbm200,BUS-LSM-Cons,Busch Campus,Monday,10:00AM,2:00PM,4,7,"ajf224 (5), ac1109 (5), rp928 (2), ktm96 (1), aar195 (2), cli14 (4), jbm200 (4)"
jej99,BUS-ARC-Cons,Busch Campus,Sunday,2:45PM,6:00PM,3.25,18,"sa1110 (3), cjk171 (2), yf184 (2), jej99 (2), vsl22 (1), zmk15 (2), sr1193 (1), ktm96 (3), jbm200 (1), jsq8 (5), bpl52 (1), gct20 (2), kwl47 (2), jje77 (5), aab283 (1), pkc42 (1), smt196 (2), bhp38 (3)"
jej99,BUS-BEST-Cons,Busch Campus,Monday,8:00AM,11:45AM,3.75,12,"prh43 (1), ttl39 (2), axt3 (2), jej99 (2), rp928 (2), vsl22 (1), nad129 (5), bkw27 (2), aar195 (3), ap1614 (1), jbm200 (4), jje77 (2)"
jej99,BUS-ARC-Disp,Busch Campus,Tuesday,10:00AM,1:30PM,3.5,6,"gp251 (1), jej99 (1), sr1193 (5), aar195 (3), dpc121 (3), an646 (1)"
jfm203,BUS-BEST-Cons,Busch Campus,Monday,10:15PM,2:00AM,3.75,6,"ajl271 (3), rp928 (2), sr1193 (4), jfm203 (2), ca571 (1), dpc121 (5)"
jfm203,BUS-LSM-Cons,Busch Campus,Friday,10:00AM,2:00PM,4,8,"ac1109 (5), ajl271 (2), lo153 (5), rp928 (2), aar195 (1), jfm203 (2), jbm200 (5), kwl47 (5)"
jfm203,BUS-LSM-Cons,Busch Campus,Wednesday,10:00AM,2:00PM,4,0,
jje77,BUS-LSM-Cons,Busch Campus,Monday,8:00AM,11:30AM,3.5,6,"rp928 (1), cli14 (4), jbm200 (4), kwl47 (4), jje77 (2), spp131 (5)"
jje77,BUS-ARC-Cons,Busch Campus,Monday,6:15PM,9:45PM,3.5,20,"cjk171 (1), kt427 (2), rgd51 (1), sr1193 (2), ajb384 (2), ap1614 (1), jbm200 (5), ajc423 (2), jsq8 (2), bar151 (1), jwn32 (4), bpl52 (2), ma1595 (5), js2585 (3), jp1682 (4), jje77 (2), ava45 (3), smt196 (1), ejc192 (2), bhp38 (1)"
jje77,BUS-LSM-Cons,Busch Campus,Thursday,10:00AM,2:00PM,4,5,"bk396 (4), ac1109 (5), rp928 (2), jbm200 (5), jje77 (1)"
jje77,BUS-LSM-Cons,Busch Campus,Tuesday,10:00AM,2:00PM,4,0,
jl2169,BUS-ARC-Cons,Busch Campus,Saturday,10:45AM,2:00PM,3.25,15,"sa1110 (4), kt427 (1), rgd51 (1), jrb340 (3), ap1614 (3), msm322 (1), jbm200 (2), jsq8 (5), smk339 (1), bpl52 (4), jje77 (5), jl2169 (1), aab283 (1), ms2651 (1), bhp38 (4)"
jl2169,BUS-ARC-Cons,Busch Campus,Sunday,10:45AM,2:45PM,4,14,"sa1110 (3), yf184 (3), kt427 (1), ktm96 (3), jbm200 (3), ajc423 (3), jsq8 (5), kwl47 (5), jje77 (5), jl2169 (2), aab283 (1), pkc42 (1), ms2651 (2), smt196 (4)"
jl2169,BUS-ARC-Cons,Busch Campus,Tuesday,11:30AM,3:00PM,3.5,12,"ejc185 (1), srp221 (1), nad129 (4), srg154 (1), tjb234 (2), jbm200 (5), ejc190 (4), bpl52 (1), bwr29 (4), dpc121 (1), jl2169 (1), bjg144 (4)"
jp1682,BUS-ARC-Cons,Busch Campus,Sunday,5:00PM,8:00PM,3,12,"sa1110 (5), cjk171 (2), yf184 (3), ttl39 (4), vsl22 (1), sr1193 (1), jbm200 (3), jsq8 (1), jp1682 (3), dpc121 (1), aab283 (3), bhp38 (1)"
jp1682,BUS-BEST-Cons,Busch Campus,Monday,11:30AM,3:00PM,3.5,13,"ac1109 (1), axt3 (1), rp928 (1), sr1193 (1), ktm96 (4), hsr30 (1), aar195 (1), cli14 (4), jbm200 (2), jp1682 (1), vs543 (1), pkc42 (1), hp408 (1)"
jp1682,BUS-LSM-Cons,Busch Campus,Friday,11:30AM,2:30PM,3,12,"ac1109 (3), lo153 (5), rp928 (1), nad129 (2), aar195 (2), tjb234 (4), jfm203 (1), jbm200 (5), kwl47 (5), jp1682 (3), bwr29 (4), dpc121 (1)"
jp1682,BUS-LSM-Cons,Busch Campus,Wednesday,11:30AM,2:30PM,3,0,
jrb340,BUS-ARC-Disp,Busch Campus,Monday,1:30PM,4:45PM,3.25,3,"jrb340 (3), dpc121 (5), aab283 (1)"
jrb340,BUS-ARC-Disp,Busch Campus,Wednesday,1:30PM,4:45PM,3.25,2,"jrb340 (4), aab283 (1)"
jrb340,BUS-ARC-Cons,Busch Campus,Friday,1:30PM,5:00PM,3.5,6,"yf184 (4), lo153 (5), jrb340 (1), aar195 (3), gct20 (3), dpc121 (1)"
jrb340,BUS-ARC-Cons,Busch Campus,Wednesday,1:30PM,5:00PM,3.5,0,
js2585,BUS-ARC-Cons,Busch Campus,Monday,8:15AM,10:00AM,1.75,4,"kwl47 (3), js2585 (3), jje77 (3), dpc121 (5)"
js2585,BUS-ARC-Cons,Busch Campus,Friday,8:15AM,10:00AM,1.75,7,"brl51 (1), kwl47 (4), js2585 (3), vs543 (3), aab283 (1), ava45 (5), eg560 (1)"
js2585,BUS-ARC-Cons,Busch Campus,Friday,6:30PM,10:00PM,3.5,10,"cjk171 (1), jbm200 (5), bpl52 (2), js2585 (3), jp1682 (4), jje77 (4), dpc121 (3), aab283 (2), bhp38 (1), hp408 (1)"
js2585,BUS-ARC-Cons,Busch Campus,Wednesday,8:15AM,10:00AM,1.75,0,
js2585,BUS-ARC-Cons,Busch Campus,Wednesday,6:30PM,10:00PM,3.5,0,
jsq8,BUS-LSM-Cons,Busch Campus,Sunday,3:00PM,6:00PM,3,11,"cjk171 (2), yf184 (1), sr1193 (1), ktm96 (1), yq65 (2), jbm200 (4), ajc423 (4), jsq8 (1), kwl47 (3), aab283 (2), smt196 (2)"
jsq8,BUS-BEST-Cons,Busch Campus,Sunday,9:30PM,2:00AM,4.5,5,"rp928 (2), sr1193 (4), jsq8 (4), ejc190 (1), dpc121 (5)"
jsq8,BUS-ARC-Cons,Busch Campus,Wednesday,9:45PM,2:00AM,4.25,3,"jsq8 (3), dpc121 (4), ava45 (5)"
jwn32,BUS-BEST-Cons,Busch Campus,Wednesday,10:15PM,2:00AM,3.75,2,"jsq8 (5), jwn32 (1)"
jwn32,BUS-BEST-Cons,Busch Campus,Friday,11:30AM,3:00PM,3.5,15,"ttl39 (1), ac1109 (1), lo153 (5), rp928 (1), vsl22 (1), nad129 (3), aar195 (2), tjb234 (1), jfm203 (1), jbm200 (5), jwn32 (1), ejc190 (1), gct20 (1), jp1682 (1), dpc121 (1)"
jwn32,BUS-BEST-Cons,Busch Campus,Friday,6:15PM,10:00PM,3.75,8,"cjk171 (3), jbm200 (5), jwn32 (2), jje77 (4), aab283 (2), hp408 (1), eg560 (4), uls2 (3)"
kt427,BUS-ARC-Disp,Busch Campus,Monday,4:45PM,7:45PM,3,2,"smk333 (5), kt427 (4)"
kt427,BUS-ARC-Cons,Busch Campus,Wednesday,8:00PM,11:00PM,3,1,kt427 (3)
kt427,BUS-ARC-Cons,Busch Campus,Thursday,5:30PM,8:00PM,2.5,1,kt427 (5)
kt427,BUS-ARC-Cons,Busch Campus,Friday,5:00PM,7:30PM,2.5,1,kt427 (2)
kt427,BUS-ARC-Cons,Busch Campus,Friday,7:30PM,10:00PM,2.5,1,kt427 (5)
kt427,BUS-ARC-Cons,Busch Campus,Friday,7:30PM,10:00PM,2.5,0,
kt427,BUS-ARC-Cons,Busch Campus,Tuesday,5:30PM,8:00PM,2.5,0,
kt427,BUS-ARC-Cons,Busch Campus,Wednesday,5:00PM,7:30PM,2.5,0,
kt427,BUS-ARC-Cons,Busch Campus,Wednesday,7:30PM,10:00PM,2.5,0,
kwl47,BUS-ARC-Cons,Busch Campus,Wednesday,8:15AM,10:00AM,1.75,7,"brl51 (1), ca571 (3), jc2427 (5), smk339 (1), kwl47 (1), aab283 (1), ava45 (5)"
kwl47,BUS-LSM-Cons,Busch Campus,Thursday,8:00AM,11:30AM,3.5,7,"ac1109 (3), rp928 (1), cli14 (4), jbm200 (5), kwl47 (1), jje77 (1), spp131 (1)"
kwl47,BUS-ARC-Cons,Busch Campus,Friday,8:00AM,11:30AM,3.5,11,"rp928 (1), yw559 (5), brl51 (1), jfm203 (1), msm322 (1), jbm200 (4), kwl47 (5), jp1682 (4), vs543 (1), ava45 (2), eg560 (3)"
kwl47,BUS-LSM-Cons,Busch Campus,Tuesday,8:00AM,11:30AM,3.5,0,
kwl47,BUS-ARC-Cons,Busch Campus,Wednesday,8:00AM,11:30AM,3.5,0,
ma1595,BUS-BEST-Cons,Busch Campus,Monday,3:15PM,6:30PM,3.25,16,"cjk171 (2), ttl39 (1), ac1109 (1), axt3 (1), rp928 (2), ktm96 (4), jrb340 (4), ap1614 (1), msm322 (1), jbm200 (5), bar151 (1), bpl52 (1), ma1595 (1), smt196 (3), bjs300 (2), spp131 (2)"
ma1595,BUS-BEST-Cons,Busch Campus,Tuesday,3:00PM,6:15PM,3.25,13,"axt3 (3), wsc31 (1), rgd51 (1), hsr30 (1), jbm200 (5), ejc190 (4), ma1595 (1), bwr29 (3), aab283 (1), hp408 (1), eg560 (1), bjg144 (3), uls2 (1)"
ma1595,BUS-BEST-Cons,Busch Campus,Thursday,3:00PM,6:15PM,3.25,14,"axt3 (2), rgd51 (1), hsr30 (1), ajb384 (1), ztm8 (1), ap1614 (1), ca571 (2), jbm200 (5), ma1595 (1), jje77 (2), hp408 (1), eg560 (1), bjg144 (3), uls2 (1)"
ms2651,BUS-ARC-Cons,Busch Campus,Saturday,12:00PM,3:30PM,3.5,14,"sa1110 (4), rgd51 (1), vsl22 (1), jrb340 (3), srg154 (4), ap1614 (3), jbm200 (2), jsq8 (5), bpl52 (1), jl2169 (3), aab283 (1), ms2651 (1), gak87 (4), bhp38 (1)"
ms2651,BUS-LSM-Cons,Busch Campus,Sunday,12:00PM,3:00PM,3,12,"yf184 (1), ac1109 (1), sr1193 (1), ktm96 (1), hsr30 (1), srg154 (5), yq65 (2), jbm200 (4), kwl47 (1), aab283 (1), ms2651 (1), smt196 (2)"
ms2651,BUS-ARC-Cons,Busch Campus,Wednesday,11:45AM,3:15PM,3.5,16,"ejc185 (5), lo153 (5), rp928 (2), sah285 (4), zmk15 (1), ktm96 (3), jrb340 (1), nad129 (2), tjb234 (1), jbm200 (5), bar151 (1), jp1682 (2), pkc42 (1), ava45 (1), ms2651 (1), spp131 (1)"
msm322,BUS-BEST-Cons,Busch Campus,Saturday,10:45AM,2:00PM,3.25,14,"rgd51 (1), sr1193 (3), jrb340 (4), ajb384 (3), ap1614 (3), msm322 (1), jbm200 (2), jc2427 (4), jsq8 (5), jje77 (5), aab283 (1), ms2651 (1), eg560 (1), uls2 (4)"
msm322,BUS-RBHS-Cons,Busch Campus,Tuesday,8:15AM,10:45AM,2.5,1,msm322 (1)
msm322,BUS-BEST-Cons,Busch Campus,Wednesday,6:30PM,10:15PM,3.75,12,"ajf224 (2), axt3 (2), ajl271 (4), rgd51 (1), sy519 (4), atw73 (5), msm322 (1), jbm200 (2), aab283 (2), smt196 (3), hp408 (3), uls2 (4)"
msm322,BUS-ARC-Cons,Busch Campus,Friday,10:00AM,1:30PM,3.5,5,"lo153 (5), aar195 (2), msm322 (1), dpc121 (3), an646 (1)"
msm322,BUS-ARC-Cons,Busch Campus,Wednesday,10:00AM,1:30PM,3.5,0,
nad129,BUS-ARC-Cons,Busch Campus,Sunday,10:30PM,2:00AM,3.5,6,"rp928 (2), nad129 (1), ca571 (3), jsq8 (5), jwn32 (2), dpc121 (1)"
nad129,BUS-LSM-Cons,Busch Campus,Wednesday,2:00PM,6:00PM,4,11,"ac1109 (5), rp928 (2), ktm96 (1), nad129 (2), brl51 (5), sy519 (3), jbm200 (5), bar151 (5), smt196 (2), bjs300 (2), spp131 (3)"
njh45,BUS-BEST-Cons,Busch Campus,Saturday,2:45PM,6:00PM,3.25,17,"rp928 (2), rgd51 (1), vsl22 (1), sr1193 (1), jrb340 (4), ap1614 (3), njh45 (2), msm322 (1), jbm200 (1), ajc423 (2), jc2427 (2), jsq8 (1), jwn32 (3), jje77 (5), aab283 (1), eg560 (3), uls2 (4)"
njh45,BUS-LSM-Cons,Busch Campus,Friday,2:00PM,6:00PM,4,13,"cjk171 (2), yf184 (2), lo153 (5), kt427 (1), rgd51 (1), ktm96 (5), an588 (5), tjb234 (4), njh45 (1), jbm200 (5), bar151 (1), dpc121 (1), uls2 (3)"
njh45,BUS-LSM-Cons,Busch Campus,Friday,6:00PM,9:00PM,3,3,"rgd51 (1), cli14 (1), njh45 (3)"
njh45,BUS-LSM-Cons,Busch Campus,Wednesday,2:00PM,6:00PM,4,0,
njh45,BUS-LSM-Cons,Busch Campus,Wednesday,6:00PM,9:00PM,3,0,
pkc42,BUS-BEST-Cons,Busch Campus,Sunday,10:45AM,2:00PM,3.25,17,"yf184 (5), ttl39 (1), ac1109 (5), aak219 (2), rp928 (1), sr1193 (3), ktm96 (4), ajb384 (5), jbm200 (2), jc2427 (4), jsq8 (5), jje77 (5), aab283 (1), pkc42 (1), ms2651 (2), smt196 (3), uls2 (4)"
pkc42,BUS-BEST-Cons,Busch Campus,Sunday,2:00PM,5:30PM,3.5,21,"cjk171 (3), yf184 (5), ttl39 (1), aak219 (2), rp928 (1), vsl22 (1), sr1193 (1), ktm96 (4), hsr30 (1), jbm200 (1), ajc423 (3), jc2427 (1), jsq8 (1), jwn32 (3), jje77 (5), aab283 (1), pkc42 (1), smt196 (3), hp408 (4), eg560 (3), uls2 (4)"
pkc42,BUS-LSM-Cons,Busch Campus,Monday,11:30AM,3:00PM,3.5,12,"ajf224 (4), ac1109 (3), rp928 (1), sr1193 (1), ktm96 (1), hsr30 (1), aar195 (3), cli14 (4), jbm200 (4), jp1682 (3), vs543 (1), pkc42 (2)"
prh43,BUS-BEST-Cons,Busch Campus,Tuesday,8:00AM,11:45AM,3.75,13,"prh43 (1), vsl22 (1), sr1193 (1), jrb340 (5), bkw27 (2), aar195 (3), brl51 (1), jfm203 (2), msm322 (1), jbm200 (4), dpc121 (3), an646 (3), hp408 (4)"
prh43,BUS-BEST-Cons,Busch Campus,Friday,8:00AM,11:45AM,3.75,11,"prh43 (1), ac1109 (1), rp928 (2), bkw27 (2), aar195 (3), brl51 (1), jfm203 (2), msm322 (1), jbm200 (4), vs543 (2), eg560 (2)"
rgd51,BUS-BEST-Cons,Busch Campus,Saturday,5:30PM,10:00PM,4.5,8,"rgd51 (1), ap1614 (3), njh45 (5), jbm200 (2), ajc423 (5), jsq8 (3), gak87 (1), uls2 (4)"
rgd51,BUS-ARC-Cons,Busch Campus,Monday,5:30PM,9:30PM,4,0,
rgd51,BUS-LSM-Cons,Busch Campus,Wednesday,6:00PM,9:00PM,3,10,"bk396 (2), bmw110 (3), rgd51 (1), cli14 (4), njh45 (2), msm322 (1), jbm200 (5), ajc423 (2), smt196 (2), bjs300 (5)"
rgd51,BUS-ARC-Disp,Busch Campus,Thursday,1:30PM,4:45PM,3.25,4,"rgd51 (1), ztm8 (1), dpc121 (5), bjg144 (1)"
rgd51,BUS-BEST-Cons,Busch Campus,Saturday,10:45AM,2:45PM,4,13,"rgd51 (1), sr1193 (3), jrb340 (4), ajb384 (3), ap1614 (3), msm322 (1), jbm200 (2), jc2427 (1), jsq8 (5), jje77 (5), aab283 (1), ms2651 (1), uls2 (4)"
rgd51,BUS-ARC-Disp,Busch Campus,Tuesday,1:30PM,4:45PM,3.25,0,
ros27,BUS-ARC-Cons,Busch Campus,Tuesday,3:15PM,6:30PM,3.25,15,"esr59 (1), wsc31 (5), ajb384 (3), srg154 (1), ap1614 (1), njh45 (2), ros27 (1), jbm200 (5), bwr29 (1), aab283 (1), ava45 (1), bjr117 (2), hp408 (2), eg560 (1), bjg144 (5)"
ros27,BUS-ARC-Cons,Busch Campus,Wednesday,6:30PM,10:15PM,3.75,18,"ejc185 (5), rgd51 (1), sr1193 (1), ajb384 (4), cli14 (2), njh45 (2), atw73 (5), msm322 (1), ros27 (1), jbm200 (2), bpl52 (3), jje77 (4), aab283 (2), ava45 (4), smt196 (1), ejc192 (2), bhp38 (2), hp408 (3)"
ros27,BUS-ARC-Cons,Busch Campus,Thursday,6:30PM,10:15PM,3.75,13,"bmw110 (5), ap1614 (1), jfm203 (2), ros27 (1), jbm200 (5), gct20 (1), js2585 (4), jp1682 (5), vs543 (2), dpc121 (3), aab283 (2), bhp38 (1), hp408 (1)"
ros27,BUS-ARC-Cons,Busch Campus,Tuesday,6:30PM,10:15PM,3.75,0,
rp928,BUS-LSM-Cons,Busch Campus,Sunday,10:30PM,1:30AM,3,4,"rp928 (2), sr1193 (5), jsq8 (5), dpc121 (5)"
rp928,BUS-ARC-Cons,Busch Campus,Tuesday,10:15PM,2:00AM,3.75,4,"ed422 (1), rp928 (2), ca571 (3), ava45 (5)"
rp928,BUS-ARC-Cons,Busch Campus,Wednesday,10:15PM,2:00AM,3.75,1,jsq8 (4)
rp928,BUS-LSM-Cons,Busch Campus,Thursday,9:45PM,1:30AM,3.75,3,"ajl271 (3), rp928 (2), dpc121 (4)"
rp928,BUS-LSM-Cons,Busch Campus,Tuesday,9:45PM,1:30AM,3.75,0,
sa1110,BUS-RBHS-Cons,Busch Campus,Wednesday,4:30PM,8:00PM,3.5,8,"sa1110 (1), yl843 (4), bk396 (1), ttl39 (3), rgd51 (1), msm322 (3), jbm200 (5), bjs300 (3)"
sa1110,BUS-RBHS-Cons,Busch Campus,Thursday,4:30PM,8:00PM,3.5,6,"sa1110 (1), yl843 (4), ttl39 (3), kt427 (1), jbm200 (5), uls2 (5)"
sa1110,BUS-RBHS-Cons,Busch Campus,Friday,4:30PM,8:00PM,3.5,6,"sa1110 (1), bk396 (2), kt427 (3), rgd51 (1), jbm200 (5), aab283 (1)"
sa1110,BUS-RBHS-Cons,Busch Campus,Tuesday,4:30PM,8:00PM,3.5,0,
sa1110,BUS-RBHS-Cons,Busch Campus,Wednesday,4:30PM,8:00PM,3.5,0,
sah285,BUS-BEST-Cons,Busch Campus,Wednesday,11:45AM,3:15PM,3.5,16,"ac1109 (1), lo153 (5), rp928 (2), sah285 (1), sr1193 (1), ktm96 (4), nad129 (3), brl51 (3), tjb234 (1), sy519 (4), jbm200 (5), bar151 (1), ejc190 (1), jp1682 (1), pkc42 (1), spp131 (1)"
sah285,BUS-BEST-Cons,Busch Campus,Wednesday,3:15PM,6:30PM,3.25,20,"ttl39 (1), ac1109 (1), axt3 (3), lo153 (5), wsc31 (1), kt427 (1), rp928 (2), sah285 (1), ktm96 (4), jrb340 (4), hsr30 (1), brl51 (3), ap1614 (3), sy519 (4), msm322 (1), jbm200 (5), bar151 (1), bpl52 (1), smt196 (3), bjs300 (1)"
smk333,BUS-ARC-Cons,Busch Campus,Sunday,8:00PM,10:45PM,2.75,1,smk333 (3)
smk333,BUS-ARC-Disp,Busch Campus,Monday,10:00AM,1:30PM,3.5,3,"ajf224 (2), smk333 (1), aar195 (2)"
smk333,BUS-ARC-Cons,Busch Campus,Wednesday,11:00PM,2:00AM,3,1,smk333 (5)
smt196,BUS-ARC-Cons,Busch Campus,Sunday,10:45AM,1:45PM,3,14,"sa1110 (3), yf184 (3), kt427 (1), ktm96 (3), jbm200 (3), ajc423 (4), jsq8 (5), kwl47 (5), jje77 (5), jl2169 (1), aab283 (1), pkc42 (1), ms2651 (2), smt196 (4)"
smt196,BUS-LSM-Cons,Busch Campus,Monday,6:15PM,9:45PM,3.5,13,"cjk171 (2), bk396 (2), ajl271 (4), rgd51 (1), nad129 (2), ajb384 (5), ap1614 (1), njh45 (2), jbm200 (5), jsq8 (2), bar151 (3), jje77 (2), smt196 (1)"
smt196,BUS-LSM-Cons,Busch Campus,Wednesday,6:15PM,9:45PM,3.5,7,"bk396 (2), rgd51 (1), cli14 (4), njh45 (1), msm322 (1), jbm200 (5), smt196 (1)"
spp131,BUS-ARC-Cons,Busch Campus,Monday,8:00AM,11:30AM,3.5,6,"rp928 (1), vsl22 (1), jbm200 (4), smk339 (1), jje77 (2), spp131 (4)"
spp131,BUS-LSM-Cons,Busch Campus,Wednesday,8:00AM,11:30AM,3.5,7,"rp928 (1), brl51 (1), ca571 (1), jbm200 (5), kwl47 (1), aab283 (1), spp131 (1)"
spp131,BUS-LSM-Cons,Busch Campus,Wednesday,11:30AM,3:00PM,3.5,15,"yf184 (1), rp928 (1), sah285 (3), sr1193 (1), ktm96 (1), nad129 (1), aar195 (3), brl51 (5), tjb234 (3), sy519 (3), jbm200 (5), bar151 (2), jp1682 (3), pkc42 (2), spp131 (1)"
spp131,BUS-ARC-Cons,Busch Campus,Thursday,8:00AM,11:30AM,3.5,7,"rp928 (1), jrb340 (3), jbm200 (4), kwl47 (1), jje77 (1), hp408 (4), spp131 (1)"
spp131,BUS-ARC-Cons,Busch Campus,Tuesday,8:00AM,11:30AM,3.5,0,
sr1193,BUS-ARC-Disp,Busch Campus,Sunday,4:00PM,7:45PM,3.75,5,"smk333 (2), rgd51 (5), sr1193 (1), dpc121 (3), aab283 (1)"
sr1193,BUS-BEST-Cons,Busch Campus,Tuesday,8:00AM,11:30AM,3.5,13,"vsl22 (1), sr1193 (1), jrb340 (5), bkw27 (2), aar195 (3), brl51 (1), ap1614 (1), jfm203 (1), msm322 (1), jbm200 (4), dpc121 (3), an646 (3), hp408 (4)"
sr1193,BUS-BEST-Cons,Busch Campus,Wednesday,9:45PM,2:00AM,4.25,4,"ajl271 (5), sr1193 (2), jsq8 (5), dpc121 (5)"
srg154,BUS-ARC-Cons,Busch Campus,Sunday,12:00PM,3:30PM,3.5,18,"sa1110 (3), yf184 (2), ttl39 (4), ac1109 (5), smk333 (1), rp928 (1), vsl22 (1), ktm96 (2), srg154 (3), jbm200 (3), jsq8 (5), kwl47 (1), jl2169 (3), aab283 (1), ms2651 (1), smt196 (2), bhp38 (1), eg560 (1)"
srg154,BUS-LSM-Cons,Busch Campus,Tuesday,2:00PM,6:00PM,4,7,"an588 (3), srg154 (1), ap1614 (1), njh45 (2), jbm200 (5), aab283 (1), uls2 (1)"
srg154,BUS-ARC-Cons,Busch Campus,Thursday,3:00PM,6:15PM,3.25,11,"rgd51 (1), ajb384 (2), ztm8 (1), srg154 (2), ap1614 (1), jbm200 (5), ma1595 (3), jje77 (2), hp408 (2), eg560 (4), bjg144 (4)"
srg154,BUS-ARC-Cons,Busch Campus,Tuesday,3:00PM,6:15PM,3.25,0,
srp221,BUS-ARC-Cons,Busch Campus,Monday,3:00PM,5:30PM,2.5,4,"srp221 (1), kt427 (3), ktm96 (2), jrb340 (2)"
srp221,BUS-BEST-Cons,Busch Campus,Friday,3:15PM,6:30PM,3.25,22,"cjk171 (1), yf184 (5), ttl39 (1), lo153 (5), srp221 (1), aak219 (2), kt427 (1), rgd51 (1), ktm96 (3), jrb340 (4), ajb384 (4), tjb234 (2), ap1614 (3), jbm200 (5), ajc423 (2), bar151 (1), jp1682 (2), bwr29 (3), dpc121 (1), aab283 (1), an646 (1), uls2 (2)"
sy519,BUS-LSM-Cons,Busch Campus,Tuesday,9:00PM,12:00AM,3,11,"cjk171 (2), ajl271 (1), bmw110 (1), rp928 (2), ap1614 (1), sy519 (1), njh45 (5), ca571 (2), jbm200 (5), dpc121 (3), spp131 (5)"
sy519,BUS-LSM-Cons,Busch Campus,Wednesday,3:00PM,6:15PM,3.25,14,"yl843 (3), ac1109 (5), kt427 (1), rp928 (1), sah285 (3), ktm96 (1), hsr30 (1), brl51 (5), sy519 (3), jbm200 (5), bar151 (5), smt196 (1), bjs300 (3), spp131 (5)"
sy519,BUS-ARC-Cons,Busch Campus,Thursday,10:15PM,2:00AM,3.75,4,"ed422 (1), rp928 (2), jbm200 (1), ava45 (5)"
sy519,BUS-ARC-Cons,Busch Campus,Tuesday,10:15PM,2:00AM,3.75,0,
tjb234,BUS-BEST-Cons,Busch Campus,Tuesday,11:45AM,3:15PM,3.5,11,"esr59 (1), ac1109 (1), nad129 (2), an588 (2), brl51 (3), tjb234 (1), jbm200 (5), ejc190 (2), bwr29 (5), dpc121 (1), bjg144 (1)"
tjb234,BUS-LSM-Cons,Busch Campus,Wednesday,10:00AM,2:00PM,4,13,"yf184 (4), rp928 (2), sr1193 (5), ktm96 (1), aar195 (2), brl51 (4), tjb234 (3), sy519 (3), ca571 (1), jbm200 (5), bar151 (2), ms2651 (1), spp131 (2)"
tjb234,BUS-ARC-Cons,Busch Campus,Friday,11:45AM,3:15PM,3.5,15,"smk333 (3), lo153 (5), vsl22 (1), aar195 (2), ajb384 (4), tjb234 (1), jfm203 (2), jbm200 (5), jwn32 (2), ejc190 (2), gct20 (1), kwl47 (5), jp1682 (1), bwr29 (5), dpc121 (2)"
tjb234,BUS-ARC-Cons,Busch Campus,Wednesday,11:45AM,3:15PM,3.5,0,
ttl39,BUS-BEST-Cons,Busch Campus,Sunday,10:45AM,2:45PM,4,17,"yf184 (5), ttl39 (1), ac1109 (5), aak219 (2), rp928 (2), sr1193 (3), ktm96 (4), ajb384 (5), jbm200 (2), jc2427 (1), jsq8 (5), jje77 (5), aab283 (1), pkc42 (1), ms2651 (2), smt196 (3), uls2 (4)"
ttl39,BUS-BEST-Cons,Busch Campus,Sunday,2:45PM,6:00PM,3.25,20,"cjk171 (3), yf184 (5), ttl39 (1), aak219 (2), rp928 (2), vsl22 (1), sr1193 (1), ktm96 (4), hsr30 (1), jbm200 (1), ajc423 (3), jc2427 (2), jsq8 (1), jwn32 (3), jje77 (5), aab283 (1), pkc42 (1), gak87 (2), smt196 (3), uls2 (4)"
ttl39,BUS-RBHS-Cons,Busch Campus,Thursday,8:15AM,10:45AM,2.5,2,"ttl39 (1), cli14 (1)"
ttl39,BUS-RBHS-Cons,Busch Campus,Friday,10:45AM,1:15PM,2.5,6,"ttl39 (1), ajl271 (1), lo153 (5), aar195 (1), msm322 (1), eg560 (2)"
ttl39,BUS-RBHS-Cons,Busch Campus,Friday,1:15PM,4:30PM,3.25,8,"bk396 (2), ttl39 (1), lo153 (5), aak219 (1), aar195 (2), jbm200 (5), pkc42 (1), uls2 (2)"
ttl39,BUS-RBHS-Cons,Busch Campus,Tuesday,8:15AM,10:45AM,2.5,0,
ttl39,BUS-RBHS-Cons,Busch Campus,Wednesday,10:45AM,1:15PM,2.5,0,
ttl39,BUS-RBHS-Cons,Busch Campus,Wednesday,1:15PM,4:30PM,3.25,0,
uls2,BUS-ARC-Cons,Busch Campus,Monday,12:30PM,3:00PM,2.5,4,"smk333 (2), ktm96 (2), aab283 (1), uls2 (5)"
uls2,BUS-LSM-Cons,Busch Campus,Tuesday,3:00PM,6:15PM,3.25,13,"ajf224 (3), esr59 (5), rgd51 (1), sr1193 (1), hsr30 (1), an588 (1), srg154 (1), ap1614 (1), njh45 (3), jbm200 (5), bwr29 (4), aab283 (1), uls2 (1)"
uls2,BUS-LSM-Cons,Busch Campus,Thursday,2:00PM,6:00PM,4,8,"rp928 (2), rgd51 (1), srg154 (2), ap1614 (1), ca571 (2), jbm200 (5), jje77 (1), uls2 (1)"
uls2,BUS-LSM-Cons,Busch Campus,Tuesday,2:00PM,6:00PM,4,0,
vs543,BUS-ARC-Cons,Busch Campus,Monday,11:30AM,3:00PM,3.5,10,"smk333 (2), rp928 (1), zmk15 (2), ktm96 (3), aar195 (3), jbm200 (2), jp1682 (1), vs543 (1), pkc42 (2), hp408 (1)"
vs543,BUS-LSM-Cons,Busch Campus,Thursday,6:15PM,9:45PM,3.5,8,"bmw110 (3), ap1614 (1), jfm203 (5), jbm200 (5), vs543 (1), aab283 (3), hp408 (3), uls2 (3)"
vs543,BUS-BEST-Cons,Busch Campus,Friday,11:45AM,3:15PM,3.5,15,"ttl39 (1), ac1109 (1), lo153 (5), vsl22 (1), nad129 (3), aar195 (2), ajb384 (4), tjb234 (1), jfm203 (2), jbm200 (5), ejc190 (2), gct20 (2), jp1682 (1), dpc121 (1), uls2 (1)"
vs543,BUS-LSM-Cons,Busch Campus,Tuesday,6:15PM,9:45PM,3.5,0,
vsl22,BUS-ARC-Cons,Busch Campus,Saturday,2:00PM,5:30PM,3.5,18,"sa1110 (4), rgd51 (1), vsl22 (1), jrb340 (3), srg154 (5), ap1614 (3), njh45 (4), msm322 (1), jbm200 (1), ajc423 (3), jsq8 (1), bpl52 (1), gct20 (1), jje77 (5), aab283 (1), an646 (4), bhp38 (1), eg560 (1)"
vsl22,BUS-ARC-Cons,Busch Campus,Monday,8:00AM,11:45AM,3.75,5,"rp928 (2), vsl22 (1), cli14 (2), jbm200 (4), jje77 (2)"
vsl22,BUS-BEST-Cons,Busch Campus,Tuesday,6:30PM,10:15PM,3.75,10,"wsc31 (3), vsl22 (1), ap1614 (1), atw73 (4), jbm200 (5), vs543 (2), dpc121 (4), aab283 (2), hp408 (1), uls2 (4)"
vsl22,BUS-BEST-Cons,Busch Campus,Wednesday,8:00AM,11:45AM,3.75,11,"rp928 (2), vsl22 (1), bkw27 (2), aar195 (1), brl51 (1), atw73 (3), ca571 (1), jbm200 (4), aab283 (1), ms2651 (3), spp131 (1)"
wsc31,BUS-BEST-Cons,Busch Campus,Tuesday,6:15PM,9:45PM,3.5,12,"wsc31 (2), aak219 (2), vsl22 (1), ap1614 (1), atw73 (3), jbm200 (5), jwn32 (1), vs543 (1), aab283 (2), hp408 (1), bjg144 (2), uls2 (4)"
wsc31,BUS-ARC-Cons,Busch Campus,Wednesday,3:00PM,6:15PM,3.25,19,"yl843 (4), ejc185 (5), lo153 (5), wsc31 (4), kt427 (1), rp928 (1), yw559 (3), zmk15 (2), ktm96 (3), jrb340 (3), ap1614 (3), msm322 (1), jbm200 (5), bar151 (3), bpl52 (1), ava45 (3), smt196 (1), bjs300 (1), spp131 (3)"
yf184,BUS-LSM-Cons,Busch Campus,Sunday,3:30PM,7:00PM,3.5,8,"cjk171 (2), yf184 (1), sr1193 (1), ktm96 (1), jbm200 (4), jsq8 (1), kwl47 (4), aab283 (2)"
yf184,BUS-LSM-Cons,Busch Campus,Sunday,7:00PM,10:30PM,3.5,9,"cjk171 (2), yf184 (1), ajl271 (1), sr1193 (1), sy519 (2), njh45 (5), jbm200 (5), jsq8 (3), bjs300 (1)"
yf184,BUS-LSM-Cons,Busch Campus,Tuesday,6:00PM,9:00PM,3,11,"yf184 (1), bk396 (2), bmw110 (3), ap1614 (1), njh45 (1), atw73 (2), jbm200 (5), vs543 (3), aab283 (2), hp408 (3), uls2 (3)"
yf184,BUS-ARC-Cons,Busch Campus,Wednesday,12:30PM,3:00PM,2.5,4,"yf184 (1), ktm96 (2), jrb340 (3), nad129 (1)"
yl843,BUS-RBHS-Cons,Busch Campus,Tuesday,10:45AM,1:15PM,2.5,6,"yl843 (1), esr59 (3), sr1193 (2), aar195 (2), msm322 (1), an646 (1)"
yl843,BUS-ARC-Cons,Busch Campus,Wednesday,3:15PM,6:30PM,3.25,19,"yl843 (4), ejc185 (5), lo153 (5), wsc31 (5), kt427 (2), rp928 (2), sah285 (4), zmk15 (1), ktm96 (3), jrb340 (1), ap1614 (1), msm322 (1), jbm200 (5), bar151 (3), bpl52 (1), ava45 (3), smt196 (1), ejc192 (1), bjs300 (1)"
yw559,BUS-ARC-Cons,Busch Campus,Tuesday,12:30PM,3:00PM,2.5,6,"smk333 (1), srp221 (1), yw559 (1), nad129 (1), dpc121 (1), bjg144 (4)"
yw559,BUS-ARC-Cons,Busch Campus,Wednesday,3:00PM,5:30PM,2.5,7,"smk333 (1), srp221 (1), kt427 (2), yw559 (2), ktm96 (2), jrb340 (3), nad129 (1)"
yw559,BUS-ARC-Cons,Busch Campus,Thursday,12:30PM,3:00PM,2.5,5,"smk333 (1), kt427 (1), yw559 (3), rgd51 (1), bjg144 (4)"
yw559,BUS-ARC-Cons,Busch Campus,Tuesday,12:30PM,3:00PM,2.5,0,
zmk15,BUS-ARC-Cons,Busch Campus,Monday,11:45AM,3:15PM,3.5,10,"rp928 (2), zmk15 (1), ktm96 (3), cli14 (2), jbm200 (2), jp1682 (2), vs543 (2), aab283 (1), pkc42 (1), uls2 (5)"
zmk15,BUS-ARC-Cons,Busch Campus,Wednesday,11:30AM,3:00PM,3.5,16,"yf184 (3), ejc185 (5), lo153 (5), rp928 (1), zmk15 (2), ktm96 (3), nad129 (2), aar195 (2), tjb234 (1), jbm200 (5), bar151 (1), jp1682 (1), pkc42 (3), ava45 (2), ms2651 (1), spp131 (1)"
zmk15,BUS-ARC-Cons,Busch Campus,Friday,11:30AM,3:00PM,3.5,16,"smk333 (3), lo153 (5), rp928 (1), vsl22 (1), zmk15 (1), aar195 (2), tjb234 (1), jfm203 (1), jbm200 (5), jwn32 (2), ejc190 (2), gct20 (2), kwl47 (5), jp1682 (1), bwr29 (5), dpc121 (1)"
zmk15,BUS-ARC-Cons,Busch Campus,Wednesday,11:30AM,3:00PM,3.5,0,
